date,source,category_l1,category_l2,keyword,ratio,rescaled,batch_id,gender,age_group,cid,is_anchor
2026-07-01,naver_datalab_keyword,패션의류,,반팔티,33.74149,1.0,kw_b01,,,50000000,True
2026-07-01,naver_datalab_keyword,패션의류,,민소매,16.19047,0.479838620049085,kw_b01,,,50000000,False
2026-07-01,naver_datalab_keyword,패션의류,,린넨셔츠,41.22448,1.2217741421614754,kw_b01,,,50000000,False
2026-07-01,naver_datalab_keyword,패션의류,,반바지,54.82993,1.6250002593246475,kw_b01,,,50000000,False
2026-07-01,naver_datalab_keyword,패션의류,,린넨팬츠,16.05442,0.47580649224441485,kw_b01,,,50000000,False
2026-07-02,naver_datalab_keyword,패션의류,,반팔티,42.44897,1.0,kw_b01,,,50000000,True
2026-07-02,naver_datalab_keyword,패션의류,,민소매,13.06122,0.30769227144969596,kw_b01,,,50000000,False
2026-07-02,naver_datalab_keyword,패션의류,,린넨셔츠,36.05442,0.8493591246148021,kw_b01,,,50000000,False
2026-07-02,naver_datalab_keyword,패션의류,,반바지,57.27891,1.3493592424032903,kw_b01,,,50000000,False
2026-07-02,naver_datalab_keyword,패션의류,,린넨팬츠,4.7619,0.11217940034822987,kw_b01,,,50000000,False
2026-07-03,naver_datalab_keyword,패션의류,,반팔티,33.60544,1.0,kw_b01,,,50000000,True
2026-07-03,naver_datalab_keyword,패션의류,,민소매,13.19727,0.3927123108639553,kw_b01,,,50000000,False
2026-07-03,naver_datalab_keyword,패션의류,,린넨셔츠,36.59863,1.0890686150813678,kw_b01,,,50000000,False
2026-07-03,naver_datalab_keyword,패션의류,,반바지,44.7619,1.3319837502499594,kw_b01,,,50000000,False
2026-07-03,naver_datalab_keyword,패션의류,,린넨팬츠,4.62585,0.1376518206576078,kw_b01,,,50000000,False
2026-07-04,naver_datalab_keyword,패션의류,,반팔티,26.93877,1.0,kw_b01,,,50000000,True
2026-07-04,naver_datalab_keyword,패션의류,,민소매,21.90476,0.813131408746576,kw_b01,,,50000000,False
2026-07-04,naver_datalab_keyword,패션의류,,린넨셔츠,36.19047,1.343434388429761,kw_b01,,,50000000,False
2026-07-04,naver_datalab_keyword,패션의류,,반바지,58.63945,2.176767907369193,kw_b01,,,50000000,False
2026-07-04,naver_datalab_keyword,패션의류,,린넨팬츠,6.93877,0.25757560571622234,kw_b01,,,50000000,False
2026-07-05,naver_datalab_keyword,패션의류,,반팔티,38.23129,1.0,kw_b01,,,50000000,True
2026-07-05,naver_datalab_keyword,패션의류,,민소매,14.96598,0.39145893324551695,kw_b01,,,50000000,False
2026-07-05,naver_datalab_keyword,패션의류,,린넨셔츠,47.07482,1.2313165472574952,kw_b01,,,50000000,False
2026-07-05,naver_datalab_keyword,패션의류,,반바지,85.44217,2.234875412260481,kw_b01,,,50000000,False
2026-07-05,naver_datalab_keyword,패션의류,,린넨팬츠,7.89115,0.20640553850000876,kw_b01,,,50000000,False
2026-07-06,naver_datalab_keyword,패션의류,,반팔티,31.70068,1.0,kw_b01,,,50000000,True
2026-07-06,naver_datalab_keyword,패션의류,,민소매,14.69387,0.4635190790860007,kw_b01,,,50000000,False
2026-07-06,naver_datalab_keyword,패션의류,,린넨셔츠,34.0136,1.0729612109267057,kw_b01,,,50000000,False
2026-07-06,naver_datalab_keyword,패션의류,,반바지,74.69387,2.3562229579933303,kw_b01,,,50000000,False
2026-07-06,naver_datalab_keyword,패션의류,,린넨팬츠,7.48299,0.23605140331374597,kw_b01,,,50000000,False
2026-07-07,naver_datalab_keyword,패션의류,,반팔티,49.93197,1.0,kw_b01,,,50000000,True
2026-07-07,naver_datalab_keyword,패션의류,,민소매,17.82312,0.35694806353524605,kw_b01,,,50000000,False
2026-07-07,naver_datalab_keyword,패션의류,,린넨셔츠,40.13605,0.8038146702403289,kw_b01,,,50000000,False
2026-07-07,naver_datalab_keyword,패션의류,,반바지,81.7687,1.63760212144644,kw_b01,,,50000000,False
2026-07-07,naver_datalab_keyword,패션의류,,린넨팬츠,8.57142,0.17166196326722138,kw_b01,,,50000000,False
2026-07-08,naver_datalab_keyword,패션의류,,반팔티,35.78231,1.0,kw_b01,,,50000000,True
2026-07-08,naver_datalab_keyword,패션의류,,민소매,15.23809,0.42585540173342634,kw_b01,,,50000000,False
2026-07-08,naver_datalab_keyword,패션의류,,린넨셔츠,40.68027,1.1368821632812414,kw_b01,,,50000000,False
2026-07-08,naver_datalab_keyword,패션의류,,반바지,82.85714,2.315589463061496,kw_b01,,,50000000,False
2026-07-08,naver_datalab_keyword,패션의류,,린넨팬츠,4.7619,0.1330797257080384,kw_b01,,,50000000,False
2026-07-09,naver_datalab_keyword,패션의류,,반팔티,27.48299,1.0,kw_b01,,,50000000,True
2026-07-09,naver_datalab_keyword,패션의류,,민소매,15.10204,0.5495049847196393,kw_b01,,,50000000,False
2026-07-09,naver_datalab_keyword,패션의류,,린넨셔츠,32.38095,1.1782178722184158,kw_b01,,,50000000,False
2026-07-09,naver_datalab_keyword,패션의류,,반바지,63.80952,2.3217823097122983,kw_b01,,,50000000,False
2026-07-09,naver_datalab_keyword,패션의류,,린넨팬츠,5.71428,0.20792060834719947,kw_b01,,,50000000,False
2026-07-10,naver_datalab_keyword,패션의류,,반팔티,25.30612,1.0,kw_b01,,,50000000,True
2026-07-10,naver_datalab_keyword,패션의류,,민소매,18.36734,0.7258062476586691,kw_b01,,,50000000,False
2026-07-10,naver_datalab_keyword,패션의류,,린넨셔츠,36.87074,1.4569890603537798,kw_b01,,,50000000,False
2026-07-10,naver_datalab_keyword,패션의류,,반바지,66.2585,2.6182796888657762,kw_b01,,,50000000,False
2026-07-10,naver_datalab_keyword,패션의류,,린넨팬츠,8.57142,0.3387093714880037,kw_b01,,,50000000,False
2026-07-11,naver_datalab_keyword,패션의류,,반팔티,37.68707,1.0,kw_b01,,,50000000,True
2026-07-11,naver_datalab_keyword,패션의류,,민소매,17.95918,0.4765342596280369,kw_b01,,,50000000,False
2026-07-11,naver_datalab_keyword,패션의류,,린넨셔츠,37.14285,0.9855595035644852,kw_b01,,,50000000,False
2026-07-11,naver_datalab_keyword,패션의류,,반바지,82.58503,2.1913359144130866,kw_b01,,,50000000,False
2026-07-11,naver_datalab_keyword,패션의류,,린넨팬츠,9.93197,0.2635378659046724,kw_b01,,,50000000,False
2026-07-12,naver_datalab_keyword,패션의류,,반팔티,39.59183,1.0,kw_b01,,,50000000,True
2026-07-12,naver_datalab_keyword,패션의류,,민소매,23.94557,0.604810891539997,kw_b01,,,50000000,False
2026-07-12,naver_datalab_keyword,패션의류,,린넨셔츠,35.64625,0.9003435809862792,kw_b01,,,50000000,False
2026-07-12,naver_datalab_keyword,패션의류,,반바지,100.0,2.5257736255181937,kw_b01,,,50000000,False
2026-07-12,naver_datalab_keyword,패션의류,,린넨팬츠,13.06122,0.32989684993090745,kw_b01,,,50000000,False
2026-07-13,naver_datalab_keyword,패션의류,,반팔티,35.5102,1.0,kw_b01,,,50000000,True
2026-07-13,naver_datalab_keyword,패션의류,,민소매,15.10204,0.4252873822169405,kw_b01,,,50000000,False
2026-07-13,naver_datalab_keyword,패션의류,,린넨셔츠,42.72108,1.2030650348350616,kw_b01,,,50000000,False
2026-07-13,naver_datalab_keyword,패션의류,,반바지,85.44217,2.406130351279351,kw_b01,,,50000000,False
2026-07-13,naver_datalab_keyword,패션의류,,린넨팬츠,7.07482,0.19923345968200687,kw_b01,,,50000000,False
2026-07-14,naver_datalab_keyword,패션의류,,반팔티,42.17687,1.0,kw_b01,,,50000000,True
2026-07-14,naver_datalab_keyword,패션의류,,민소매,19.45578,0.4612902759261178,kw_b01,,,50000000,False
2026-07-14,naver_datalab_keyword,패션의류,,린넨셔츠,28.02721,0.6645161198543182,kw_b01,,,50000000,False
2026-07-14,naver_datalab_keyword,패션의류,,반바지,82.72108,1.9612901573777286,kw_b01,,,50000000,False
2026-07-14,naver_datalab_keyword,패션의류,,린넨팬츠,6.39455,0.15161272043183857,kw_b01,,,50000000,False
2026-07-15,naver_datalab_keyword,패션의류,,반팔티,28.97959,1.0,kw_b01,,,50000000,True
2026-07-15,naver_datalab_keyword,패션의류,,민소매,14.42176,0.4976523132314846,kw_b01,,,50000000,False
2026-07-15,naver_datalab_keyword,패션의류,,린넨셔츠,40.13605,1.3849764610196347,kw_b01,,,50000000,False
2026-07-15,naver_datalab_keyword,패션의류,,반바지,78.09523,2.694835572207888,kw_b01,,,50000000,False
2026-07-15,naver_datalab_keyword,패션의류,,린넨팬츠,3.94557,0.13614995933344812,kw_b01,,,50000000,False
2026-07-16,naver_datalab_keyword,패션의류,,반팔티,36.05442,1.0,kw_b01,,,50000000,True
2026-07-16,naver_datalab_keyword,패션의류,,민소매,15.10204,0.4188679224350302,kw_b01,,,50000000,False
2026-07-16,naver_datalab_keyword,패션의류,,린넨셔츠,22.44897,0.6226412739408926,kw_b01,,,50000000,False
2026-07-16,naver_datalab_keyword,패션의류,,반바지,48.70748,1.3509433794802412,kw_b01,,,50000000,False
2026-07-16,naver_datalab_keyword,패션의류,,린넨팬츠,2.99319,0.08301867011034984,kw_b01,,,50000000,False
2026-07-17,naver_datalab_keyword,패션의류,,반팔티,37.68707,1.0,kw_b01,,,50000000,True
2026-07-17,naver_datalab_keyword,패션의류,,민소매,17.82312,0.472924002847661,kw_b01,,,50000000,False
2026-07-17,naver_datalab_keyword,패션의류,,린넨셔츠,25.30612,0.671480165478505,kw_b01,,,50000000,False
2026-07-17,naver_datalab_keyword,패션의류,,반바지,57.68707,1.5306859885897206,kw_b01,,,50000000,False
2026-07-17,naver_datalab_keyword,패션의류,,린넨팬츠,5.85034,0.1552346733242993,kw_b01,,,50000000,False
2026-07-18,naver_datalab_keyword,패션의류,,반팔티,33.87755,1.0,kw_b01,,,50000000,True
2026-07-18,naver_datalab_keyword,패션의류,,민소매,21.36054,0.6305219828470477,kw_b01,,,50000000,False
2026-07-18,naver_datalab_keyword,패션의류,,린넨셔츠,24.62585,0.7269076423767362,kw_b01,,,50000000,False
2026-07-18,naver_datalab_keyword,패션의류,,반바지,70.88435,2.092369430493055,kw_b01,,,50000000,False
2026-07-18,naver_datalab_keyword,패션의류,,린넨팬츠,5.98639,0.17670669809357525,kw_b01,,,50000000,False
2026-07-19,naver_datalab_keyword,패션의류,,반팔티,38.77551,1.0,kw_b01,,,50000000,True
2026-07-19,naver_datalab_keyword,패션의류,,민소매,17.82312,0.459648886629731,kw_b01,,,50000000,False
2026-07-19,naver_datalab_keyword,패션의류,,린넨셔츠,29.38775,0.757894609252077,kw_b01,,,50000000,False
2026-07-19,naver_datalab_keyword,패션의류,,반바지,73.19727,1.8877190783564164,kw_b01,,,50000000,False
2026-07-19,naver_datalab_keyword,패션의류,,린넨팬츠,6.53061,0.16842099562326843,kw_b01,,,50000000,False
2026-07-20,naver_datalab_keyword,패션의류,,반팔티,35.23809,1.0,kw_b01,,,50000000,True
2026-07-20,naver_datalab_keyword,패션의류,,민소매,19.18367,0.5444015268704973,kw_b01,,,50000000,False
2026-07-20,naver_datalab_keyword,패션의류,,린넨셔츠,28.97959,0.8223938925180111,kw_b01,,,50000000,False
2026-07-20,naver_datalab_keyword,패션의류,,반바지,68.29931,1.9382239502765333,kw_b01,,,50000000,False
2026-07-20,naver_datalab_keyword,패션의류,,린넨팬츠,3.94557,0.11196889502240331,kw_b01,,,50000000,False
2026-07-21,naver_datalab_keyword,패션의류,,반팔티,27.34693,1.0,kw_b01,,,50000000,True
2026-07-21,naver_datalab_keyword,패션의류,,민소매,17.82312,0.651741164364702,kw_b01,,,50000000,False
2026-07-21,naver_datalab_keyword,패션의류,,린넨셔츠,28.84353,1.054726435471916,kw_b01,,,50000000,False
2026-07-21,naver_datalab_keyword,패션의류,,반바지,60.40816,2.2089558133216416,kw_b01,,,50000000,False
2026-07-21,naver_datalab_keyword,패션의류,,린넨팬츠,5.85034,0.2139304119328934,kw_b01,,,50000000,False
2026-07-22,naver_datalab_keyword,패션의류,,반팔티,31.97278,1.0,kw_b01,,,50000000,True
2026-07-22,naver_datalab_keyword,패션의류,,민소매,15.23809,0.47659571673154477,kw_b01,,,50000000,False
2026-07-22,naver_datalab_keyword,패션의류,,린넨셔츠,27.89115,0.872340472114092,kw_b01,,,50000000,False
2026-07-22,naver_datalab_keyword,패션의류,,반바지,79.59183,2.489362201222415,kw_b01,,,50000000,False
2026-07-22,naver_datalab_keyword,패션의류,,린넨팬츠,3.94557,0.12340403305561794,kw_b01,,,50000000,False
2026-07-23,naver_datalab_keyword,패션의류,,반팔티,33.19727,1.0,kw_b01,,,50000000,True
2026-07-23,naver_datalab_keyword,패션의류,,민소매,17.68707,0.5327868827768065,kw_b01,,,50000000,False
2026-07-23,naver_datalab_keyword,패션의류,,린넨셔츠,25.98639,0.7827869580842038,kw_b01,,,50000000,False
2026-07-23,naver_datalab_keyword,패션의류,,반바지,71.56462,2.1557381073805164,kw_b01,,,50000000,False
2026-07-23,naver_datalab_keyword,패션의류,,린넨팬츠,8.16326,0.24590154551865254,kw_b01,,,50000000,False
2026-07-24,naver_datalab_keyword,패션의류,,반팔티,40.68027,1.0,kw_b01,,,50000000,True
2026-07-24,naver_datalab_keyword,패션의류,,민소매,18.5034,0.4548494884620972,kw_b01,,,50000000,False
2026-07-24,naver_datalab_keyword,패션의류,,린넨셔츠,27.89115,0.6856186057762154,kw_b01,,,50000000,False
2026-07-24,naver_datalab_keyword,패션의류,,반바지,56.05442,1.3779264493573913,kw_b01,,,50000000,False
2026-07-24,naver_datalab_keyword,패션의류,,린넨팬츠,4.35374,0.10702338012997456,kw_b01,,,50000000,False
2026-07-25,naver_datalab_keyword,패션의류,,반팔티,34.69387,1.0,kw_b01,,,50000000,True
2026-07-25,naver_datalab_keyword,패션의류,,민소매,13.46938,0.38823515508647494,kw_b01,,,50000000,False
2026-07-25,naver_datalab_keyword,패션의류,,린넨셔츠,19.72789,0.5686275414071708,kw_b01,,,50000000,False
2026-07-25,naver_datalab_keyword,패션의류,,반바지,61.7687,1.7803923286736247,kw_b01,,,50000000,False
2026-07-25,naver_datalab_keyword,패션의류,,린넨팬츠,12.38095,0.3568627541407171,kw_b01,,,50000000,False
2026-07-26,naver_datalab_keyword,패션의류,,반팔티,43.40136,1.0,kw_b01,,,50000000,True
2026-07-26,naver_datalab_keyword,패션의류,,민소매,24.89795,0.573667507193323,kw_b01,,,50000000,False
2026-07-26,naver_datalab_keyword,패션의류,,린넨셔츠,27.07482,0.6238242303927803,kw_b01,,,50000000,False
2026-07-26,naver_datalab_keyword,패션의류,,반바지,87.89115,2.0250782463959656,kw_b01,,,50000000,False
2026-07-26,naver_datalab_keyword,패션의류,,린넨팬츠,9.11564,0.21003120639537567,kw_b01,,,50000000,False
2026-07-27,naver_datalab_keyword,패션의류,,반팔티,35.78231,1.0,kw_b01,,,50000000,True
2026-07-27,naver_datalab_keyword,패션의류,,민소매,9.79591,0.2737640470947795,kw_b01,,,50000000,False
2026-07-27,naver_datalab_keyword,패션의류,,린넨셔츠,24.7619,0.6920151326172066,kw_b01,,,50000000,False
2026-07-27,naver_datalab_keyword,패션의류,,반바지,94.28571,2.6349810842284915,kw_b01,,,50000000,False
2026-07-27,naver_datalab_keyword,패션의류,,린넨팬츠,14.28571,0.39923945659181864,kw_b01,,,50000000,False
2026-07-28,naver_datalab_keyword,패션의류,,반팔티,25.03401,1.0,kw_b01,,,50000000,True
2026-07-28,naver_datalab_keyword,패션의류,,민소매,15.10204,0.6032609238392092,kw_b01,,,50000000,False
2026-07-28,naver_datalab_keyword,패션의류,,린넨셔츠,27.48299,1.0978261173499573,kw_b01,,,50000000,False
2026-07-28,naver_datalab_keyword,패션의류,,반바지,82.72108,3.304347965028376,kw_b01,,,50000000,False
2026-07-28,naver_datalab_keyword,패션의류,,린넨팬츠,8.43537,0.3369564045073083,kw_b01,,,50000000,False
2026-07-29,naver_datalab_keyword,패션의류,,반팔티,17.82312,1.0,kw_b01,,,50000000,True
2026-07-29,naver_datalab_keyword,패션의류,,민소매,15.91836,0.8931298223879994,kw_b01,,,50000000,False
2026-07-29,naver_datalab_keyword,패션의류,,린넨셔츠,25.03401,1.404580679476994,kw_b01,,,50000000,False
2026-07-29,naver_datalab_keyword,패션의류,,반바지,80.0,4.4885519482559735,kw_b01,,,50000000,False
2026-07-29,naver_datalab_keyword,패션의류,,린넨팬츠,4.62585,0.2595421003729987,kw_b01,,,50000000,False
2026-07-30,naver_datalab_keyword,패션의류,,반팔티,34.55782,1.0,kw_b01,,,50000000,True
2026-07-30,naver_datalab_keyword,패션의류,,민소매,7.34693,0.2125981905108598,kw_b01,,,50000000,False
2026-07-30,naver_datalab_keyword,패션의류,,린넨셔츠,25.85034,0.7480315598611255,kw_b01,,,50000000,False
2026-07-30,naver_datalab_keyword,패션의류,,반바지,75.5102,2.185039449826407,kw_b01,,,50000000,False
2026-07-30,naver_datalab_keyword,패션의류,,린넨팬츠,4.62585,0.1338582699950402,kw_b01,,,50000000,False
2026-07-31,naver_datalab_keyword,패션의류,,반팔티,22.72108,1.0,kw_b01,,,50000000,True
2026-07-31,naver_datalab_keyword,패션의류,,민소매,11.42857,0.5029941358421343,kw_b01,,,50000000,False
2026-07-31,naver_datalab_keyword,패션의류,,린넨셔츠,25.71428,1.131736695614821,kw_b01,,,50000000,False
2026-07-31,naver_datalab_keyword,패션의류,,반바지,56.59863,2.491018472713445,kw_b01,,,50000000,False
2026-07-31,naver_datalab_keyword,패션의류,,린넨팬츠,3.53741,0.1556884619921236,kw_b01,,,50000000,False
2026-07-01,naver_datalab_keyword,패션의류,,반팔티,67.57493,1.0,kw_b02,,,50000000,True
2026-07-01,naver_datalab_keyword,패션의류,,패딩,1.63487,0.024193439786027157,kw_b02,,,50000000,False
2026-07-01,naver_datalab_keyword,패션의류,,롱패딩,2.72479,0.040322498299295316,kw_b02,,,50000000,False
2026-07-01,naver_datalab_keyword,패션의류,,코트,4.35967,0.06451608606919756,kw_b02,,,50000000,False
2026-07-01,naver_datalab_keyword,패션의류,,무스탕,4.08719,0.06048382144088051,kw_b02,,,50000000,False
2026-07-02,naver_datalab_keyword,패션의류,,반팔티,85.01362,1.0,kw_b02,,,50000000,True
2026-07-02,naver_datalab_keyword,패션의류,,패딩,1.08991,0.012820416305057942,kw_b02,,,50000000,False
2026-07-02,naver_datalab_keyword,패션의류,,롱패딩,5.17711,0.0608974185548151,kw_b02,,,50000000,False
2026-07-02,naver_datalab_keyword,패션의류,,코트,7.08446,0.08333323530982446,kw_b02,,,50000000,False
2026-07-02,naver_datalab_keyword,패션의류,,무스탕,4.08719,0.048076884621546516,kw_b02,,,50000000,False
2026-07-03,naver_datalab_keyword,패션의류,,반팔티,67.30245,1.0,kw_b02,,,50000000,True
2026-07-03,naver_datalab_keyword,패션의류,,패딩,1.63487,0.024291389095047806,kw_b02,,,50000000,False
2026-07-03,naver_datalab_keyword,패션의류,,롱패딩,1.36239,0.02024279948203966,kw_b02,,,50000000,False
2026-07-03,naver_datalab_keyword,패션의류,,코트,2.45231,0.03643715793407224,kw_b02,,,50000000,False
2026-07-03,naver_datalab_keyword,패션의류,,무스탕,1.36239,0.02024279948203966,kw_b02,,,50000000,False
2026-07-04,naver_datalab_keyword,패션의류,,반팔티,53.95095,1.0,kw_b02,,,50000000,True
2026-07-04,naver_datalab_keyword,패션의류,,패딩,2.17983,0.04040392245178259,kw_b02,,,50000000,False
2026-07-04,naver_datalab_keyword,패션의류,,롱패딩,3.81471,0.07070700330578053,kw_b02,,,50000000,False
2026-07-04,naver_datalab_keyword,패션의류,,코트,13.62397,0.25252511772267217,kw_b02,,,50000000,False
2026-07-04,naver_datalab_keyword,패션의류,,무스탕,8.44686,0.15656554703856002,kw_b02,,,50000000,False
2026-07-05,naver_datalab_keyword,패션의류,,반팔티,76.56675,1.0,kw_b02,,,50000000,True
2026-07-05,naver_datalab_keyword,패션의류,,패딩,5.99455,0.07829181727055151,kw_b02,,,50000000,False
2026-07-05,naver_datalab_keyword,패션의류,,롱패딩,0.27247,0.0035585942984389437,kw_b02,,,50000000,False
2026-07-05,naver_datalab_keyword,패션의류,,코트,6.81198,0.08896786137585833,kw_b02,,,50000000,False
2026-07-05,naver_datalab_keyword,패션의류,,무스탕,9.80926,0.12811383531363157,kw_b02,,,50000000,False
2026-07-06,naver_datalab_keyword,패션의류,,반팔티,63.48773,1.0,kw_b02,,,50000000,True
2026-07-06,naver_datalab_keyword,패션의류,,패딩,7.62942,0.12017156700987734,kw_b02,,,50000000,False
2026-07-06,naver_datalab_keyword,패션의류,,롱패딩,0.81743,0.01287540127832575,kw_b02,,,50000000,False
2026-07-06,naver_datalab_keyword,패션의류,,코트,3.54223,0.055793930575246585,kw_b02,,,50000000,False
2026-07-06,naver_datalab_keyword,패션의류,,무스탕,5.44959,0.08583690108309117,kw_b02,,,50000000,False
2026-07-07,naver_datalab_keyword,패션의류,,반팔티,100.0,1.0,kw_b02,,,50000000,True
2026-07-07,naver_datalab_keyword,패션의류,,패딩,2.72479,0.027247900000000002,kw_b02,,,50000000,False
2026-07-07,naver_datalab_keyword,패션의류,,롱패딩,0.81743,0.0081743,kw_b02,,,50000000,False
2026-07-07,naver_datalab_keyword,패션의류,,코트,8.17438,0.08174379999999999,kw_b02,,,50000000,False
2026-07-07,naver_datalab_keyword,패션의류,,무스탕,6.5395,0.06539500000000001,kw_b02,,,50000000,False
2026-07-08,naver_datalab_keyword,패션의류,,반팔티,71.66212,1.0,kw_b02,,,50000000,True
2026-07-08,naver_datalab_keyword,패션의류,,패딩,2.99727,0.041825025550458174,kw_b02,,,50000000,False
2026-07-08,naver_datalab_keyword,패션의류,,코트,12.53405,0.17490481721724113,kw_b02,,,50000000,False
2026-07-08,naver_datalab_keyword,패션의류,,무스탕,16.89373,0.23574142099061543,kw_b02,,,50000000,False
2026-07-09,naver_datalab_keyword,패션의류,,반팔티,55.04087,1.0,kw_b02,,,50000000,True
2026-07-09,naver_datalab_keyword,패션의류,,패딩,1.90735,0.03465334032692434,kw_b02,,,50000000,False
2026-07-09,naver_datalab_keyword,패션의류,,롱패딩,0.81743,0.014851327749724887,kw_b02,,,50000000,False
2026-07-09,naver_datalab_keyword,패션의류,,코트,5.17711,0.0940593780585227,kw_b02,,,50000000,False
2026-07-09,naver_datalab_keyword,패션의류,,무스탕,9.53678,0.1732672466841458,kw_b02,,,50000000,False
2026-07-10,naver_datalab_keyword,패션의류,,반팔티,50.68119,1.0,kw_b02,,,50000000,True
2026-07-10,naver_datalab_keyword,패션의류,,패딩,3.26975,0.06451604628857373,kw_b02,,,50000000,False
2026-07-10,naver_datalab_keyword,패션의류,,롱패딩,3.81471,0.07526875355531312,kw_b02,,,50000000,False
2026-07-10,naver_datalab_keyword,패션의류,,코트,4.35967,0.08602146082205253,kw_b02,,,50000000,False
2026-07-10,naver_datalab_keyword,패션의류,,무스탕,4.08719,0.08064510718868281,kw_b02,,,50000000,False
2026-07-11,naver_datalab_keyword,패션의류,,반팔티,75.47683,1.0,kw_b02,,,50000000,True
2026-07-11,naver_datalab_keyword,패션의류,,패딩,5.72207,0.07581227245500374,kw_b02,,,50000000,False
2026-07-11,naver_datalab_keyword,패션의류,,롱패딩,2.45231,0.03249089820014964,kw_b02,,,50000000,False
2026-07-11,naver_datalab_keyword,패션의류,,코트,6.26702,0.08303236900648847,kw_b02,,,50000000,False
2026-07-11,naver_datalab_keyword,패션의류,,무스탕,8.44686,0.1119132851763912,kw_b02,,,50000000,False
2026-07-12,naver_datalab_keyword,패션의류,,반팔티,79.29155,1.0,kw_b02,,,50000000,True
2026-07-12,naver_datalab_keyword,패션의류,,패딩,0.81743,0.010309169135929365,kw_b02,,,50000000,False
2026-07-12,naver_datalab_keyword,패션의류,,롱패딩,5.17711,0.06529207715071782,kw_b02,,,50000000,False
2026-07-12,naver_datalab_keyword,패션의류,,코트,4.90463,0.061855645399793546,kw_b02,,,50000000,False
2026-07-12,naver_datalab_keyword,패션의류,,무스탕,8.71934,0.10996556379588998,kw_b02,,,50000000,False
2026-07-13,naver_datalab_keyword,패션의류,,반팔티,71.11716,1.0,kw_b02,,,50000000,True
2026-07-13,naver_datalab_keyword,패션의류,,패딩,4.90463,0.06896549299775188,kw_b02,,,50000000,False
2026-07-13,naver_datalab_keyword,패션의류,,롱패딩,1.36239,0.019156979834402836,kw_b02,,,50000000,False
2026-07-13,naver_datalab_keyword,패션의류,,코트,8.99182,0.1264367137270386,kw_b02,,,50000000,False
2026-07-13,naver_datalab_keyword,패션의류,,무스탕,2.72479,0.03831410028184478,kw_b02,,,50000000,False
2026-07-14,naver_datalab_keyword,패션의류,,반팔티,84.46866,1.0,kw_b02,,,50000000,True
2026-07-14,naver_datalab_keyword,패션의류,,패딩,2.45231,0.029032187796041754,kw_b02,,,50000000,False
2026-07-14,naver_datalab_keyword,패션의류,,코트,1.63487,0.019354752401659975,kw_b02,,,50000000,False
2026-07-14,naver_datalab_keyword,패션의류,,무스탕,9.53678,0.1129031761602469,kw_b02,,,50000000,False
2026-07-15,naver_datalab_keyword,패션의류,,반팔티,58.03814,1.0,kw_b02,,,50000000,True
2026-07-15,naver_datalab_keyword,패션의류,,패딩,1.36239,0.023474046549389765,kw_b02,,,50000000,False
2026-07-15,naver_datalab_keyword,패션의류,,롱패딩,0.27247,0.004694671469485411,kw_b02,,,50000000,False
2026-07-15,naver_datalab_keyword,패션의류,,코트,6.81198,0.11737074964842086,kw_b02,,,50000000,False
2026-07-15,naver_datalab_keyword,패션의류,,무스탕,5.17711,0.089201859329055,kw_b02,,,50000000,False
2026-07-16,naver_datalab_keyword,패션의류,,반팔티,72.20708,1.0,kw_b02,,,50000000,True
2026-07-16,naver_datalab_keyword,패션의류,,패딩,3.54223,0.049056546809537235,kw_b02,,,50000000,False
2026-07-16,naver_datalab_keyword,패션의류,,롱패딩,2.17983,0.03018859092487883,kw_b02,,,50000000,False
2026-07-16,naver_datalab_keyword,패션의류,,코트,6.5395,0.09056591126521112,kw_b02,,,50000000,False
2026-07-16,naver_datalab_keyword,패션의류,,무스탕,6.81198,0.09433950244214279,kw_b02,,,50000000,False
2026-07-17,naver_datalab_keyword,패션의류,,반팔티,75.47683,1.0,kw_b02,,,50000000,True
2026-07-17,naver_datalab_keyword,패션의류,,패딩,2.99727,0.039711127242625315,kw_b02,,,50000000,False
2026-07-17,naver_datalab_keyword,패션의류,,롱패딩,2.17983,0.028880783678911788,kw_b02,,,50000000,False
2026-07-17,naver_datalab_keyword,패션의류,,코트,12.80653,0.16967498502520573,kw_b02,,,50000000,False
2026-07-17,naver_datalab_keyword,패션의류,,무스탕,12.80653,0.16967498502520573,kw_b02,,,50000000,False
2026-07-18,naver_datalab_keyword,패션의류,,반팔티,67.84741,1.0,kw_b02,,,50000000,True
2026-07-18,naver_datalab_keyword,패션의류,,패딩,4.08719,0.060240914133641944,kw_b02,,,50000000,False
2026-07-18,naver_datalab_keyword,패션의류,,롱패딩,2.99727,0.04417663106078773,kw_b02,,,50000000,False
2026-07-18,naver_datalab_keyword,패션의류,,코트,5.17711,0.07630519720649617,kw_b02,,,50000000,False
2026-07-18,naver_datalab_keyword,패션의류,,무스탕,11.71662,0.1726907482540601,kw_b02,,,50000000,False
2026-07-19,naver_datalab_keyword,패션의류,,반팔티,77.65667,1.0,kw_b02,,,50000000,True
2026-07-19,naver_datalab_keyword,패션의류,,패딩,1.08991,0.014034982442589926,kw_b02,,,50000000,False
2026-07-19,naver_datalab_keyword,패션의류,,롱패딩,1.08991,0.014034982442589926,kw_b02,,,50000000,False
2026-07-19,naver_datalab_keyword,패션의류,,코트,7.62942,0.09824552095782628,kw_b02,,,50000000,False
2026-07-19,naver_datalab_keyword,패션의류,,무스탕,10.6267,0.13684207679778182,kw_b02,,,50000000,False
2026-07-20,naver_datalab_keyword,패션의류,,반팔티,70.5722,1.0,kw_b02,,,50000000,True
2026-07-20,naver_datalab_keyword,패션의류,,패딩,3.26975,0.04633198341556591,kw_b02,,,50000000,False
2026-07-20,naver_datalab_keyword,패션의류,,롱패딩,5.72207,0.08108107725138228,kw_b02,,,50000000,False
2026-07-20,naver_datalab_keyword,패션의류,,코트,5.72207,0.08108107725138228,kw_b02,,,50000000,False
2026-07-20,naver_datalab_keyword,패션의류,,무스탕,4.35967,0.06177602512037319,kw_b02,,,50000000,False
2026-07-21,naver_datalab_keyword,패션의류,,반팔티,54.76839,1.0,kw_b02,,,50000000,True
2026-07-21,naver_datalab_keyword,패션의류,,패딩,1.90735,0.03482574528847754,kw_b02,,,50000000,False
2026-07-21,naver_datalab_keyword,패션의류,,롱패딩,2.99727,0.0547262755030776,kw_b02,,,50000000,False
2026-07-21,naver_datalab_keyword,패션의류,,코트,2.45231,0.04477601039577757,kw_b02,,,50000000,False
2026-07-21,naver_datalab_keyword,패션의류,,무스탕,4.90463,0.08955220337862771,kw_b02,,,50000000,False
2026-07-22,naver_datalab_keyword,패션의류,,반팔티,64.03269,1.0,kw_b02,,,50000000,True
2026-07-22,naver_datalab_keyword,패션의류,,패딩,6.81198,0.10638284913534009,kw_b02,,,50000000,False
2026-07-22,naver_datalab_keyword,패션의류,,롱패딩,1.08991,0.017021149665897215,kw_b02,,,50000000,False
2026-07-22,naver_datalab_keyword,패션의류,,코트,4.35967,0.0680850671742824,kw_b02,,,50000000,False
2026-07-22,naver_datalab_keyword,패션의류,,무스탕,10.35422,0.16170209310275735,kw_b02,,,50000000,False
2026-07-23,naver_datalab_keyword,패션의류,,반팔티,66.48501,1.0,kw_b02,,,50000000,True
2026-07-23,naver_datalab_keyword,패션의류,,패딩,4.90463,0.07377046344732444,kw_b02,,,50000000,False
2026-07-23,naver_datalab_keyword,패션의류,,롱패딩,2.72479,0.040983523955249464,kw_b02,,,50000000,False
2026-07-23,naver_datalab_keyword,패션의류,,코트,5.72207,0.08606556575685256,kw_b02,,,50000000,False
2026-07-23,naver_datalab_keyword,패션의류,,무스탕,11.9891,0.18032786638672388,kw_b02,,,50000000,False
2026-07-24,naver_datalab_keyword,패션의류,,반팔티,81.47138,1.0,kw_b02,,,50000000,True
2026-07-24,naver_datalab_keyword,패션의류,,패딩,2.45231,0.030100263429930857,kw_b02,,,50000000,False
2026-07-24,naver_datalab_keyword,패션의류,,코트,11.17166,0.13712373596715804,kw_b02,,,50000000,False
2026-07-24,naver_datalab_keyword,패션의류,,무스탕,15.80381,0.19397989821701805,kw_b02,,,50000000,False
2026-07-25,naver_datalab_keyword,패션의류,,반팔티,69.48228,1.0,kw_b02,,,50000000,True
2026-07-25,naver_datalab_keyword,패션의류,,패딩,4.35967,0.06274506248211774,kw_b02,,,50000000,False
2026-07-25,naver_datalab_keyword,패션의류,,롱패딩,2.45231,0.03529403468049696,kw_b02,,,50000000,False
2026-07-25,naver_datalab_keyword,패션의류,,코트,6.26702,0.09019594636215161,kw_b02,,,50000000,False
2026-07-25,naver_datalab_keyword,패션의류,,무스탕,13.89645,0.19999991364704783,kw_b02,,,50000000,False
2026-07-26,naver_datalab_keyword,패션의류,,반팔티,86.92098,1.0,kw_b02,,,50000000,True
2026-07-26,naver_datalab_keyword,패션의류,,패딩,2.72479,0.03134789782627854,kw_b02,,,50000000,False
2026-07-26,naver_datalab_keyword,패션의류,,롱패딩,2.99727,0.034482699113608704,kw_b02,,,50000000,False
2026-07-26,naver_datalab_keyword,패션의류,,코트,6.26702,0.07210019951454757,kw_b02,,,50000000,False
2026-07-26,naver_datalab_keyword,패션의류,,무스탕,18.25613,0.2100313411100519,kw_b02,,,50000000,False
2026-07-27,naver_datalab_keyword,패션의류,,반팔티,71.66212,1.0,kw_b02,,,50000000,True
2026-07-27,naver_datalab_keyword,패션의류,,패딩,4.08719,0.05703417649380174,kw_b02,,,50000000,False
2026-07-27,naver_datalab_keyword,패션의류,,롱패딩,0.81743,0.01140672366377104,kw_b02,,,50000000,False
2026-07-27,naver_datalab_keyword,패션의류,,코트,17.71117,0.24714828419812307,kw_b02,,,50000000,False
2026-07-27,naver_datalab_keyword,패션의류,,무스탕,14.71389,0.20532311910392825,kw_b02,,,50000000,False
2026-07-28,naver_datalab_keyword,패션의류,,반팔티,50.13623,1.0,kw_b02,,,50000000,True
2026-07-28,naver_datalab_keyword,패션의류,,패딩,1.08991,0.02173897000233165,kw_b02,,,50000000,False
2026-07-28,naver_datalab_keyword,패션의류,,롱패딩,1.63487,0.0326085547317778,kw_b02,,,50000000,False
2026-07-28,naver_datalab_keyword,패션의류,,코트,3.81471,0.0760868936495624,kw_b02,,,50000000,False
2026-07-28,naver_datalab_keyword,패션의류,,무스탕,7.9019,0.1576085796638479,kw_b02,,,50000000,False
2026-07-29,naver_datalab_keyword,패션의류,,반팔티,35.69482,1.0,kw_b02,,,50000000,True
2026-07-29,naver_datalab_keyword,패션의류,,패딩,7.9019,0.22137385760735032,kw_b02,,,50000000,False
2026-07-29,naver_datalab_keyword,패션의류,,롱패딩,2.17983,0.06106852478875086,kw_b02,,,50000000,False
2026-07-29,naver_datalab_keyword,패션의류,,코트,14.44141,0.4045799922789917,kw_b02,,,50000000,False
2026-07-29,naver_datalab_keyword,패션의류,,무스탕,17.16621,0.48091599845579835,kw_b02,,,50000000,False
2026-07-30,naver_datalab_keyword,패션의류,,반팔티,69.2098,1.0,kw_b02,,,50000000,True
2026-07-30,naver_datalab_keyword,패션의류,,패딩,15.25885,0.22047238974827266,kw_b02,,,50000000,False
2026-07-30,naver_datalab_keyword,패션의류,,롱패딩,1.63487,0.023621943713173568,kw_b02,,,50000000,False
2026-07-30,naver_datalab_keyword,패션의류,,코트,16.89373,0.24409447794965455,kw_b02,,,50000000,False
2026-07-30,naver_datalab_keyword,패션의류,,무스탕,3.54223,0.051181046614785765,kw_b02,,,50000000,False
2026-07-31,naver_datalab_keyword,패션의류,,반팔티,45.50408,1.0,kw_b02,,,50000000,True
2026-07-31,naver_datalab_keyword,패션의류,,패딩,1.08991,0.023951918157668495,kw_b02,,,50000000,False
2026-07-31,naver_datalab_keyword,패션의류,,롱패딩,1.08991,0.023951918157668495,kw_b02,,,50000000,False
2026-07-31,naver_datalab_keyword,패션의류,,코트,10.89918,0.23952093966079524,kw_b02,,,50000000,False
2026-07-31,naver_datalab_keyword,패션의류,,무스탕,9.53678,0.2095807672630674,kw_b02,,,50000000,False
2026-07-01,naver_datalab_keyword,패션잡화,,양말,23.84839,1.0,kw_b03,,,50000001,True
2026-07-01,naver_datalab_keyword,패션잡화,,우산,41.92419,1.7579463435477198,kw_b03,,,50000001,False
2026-07-01,naver_datalab_keyword,패션잡화,,레인부츠,68.80466,2.885086163049162,kw_b03,,,50000001,False
2026-07-02,naver_datalab_keyword,패션잡화,,양말,21.9825,1.0,kw_b03,,,50000001,True
2026-07-02,naver_datalab_keyword,패션잡화,,우산,26.35568,1.198939156146935,kw_b03,,,50000001,False
2026-07-02,naver_datalab_keyword,패션잡화,,레인부츠,57.72594,2.6259952234732173,kw_b03,,,50000001,False
2026-07-03,naver_datalab_keyword,패션잡화,,양말,22.56559,1.0,kw_b03,,,50000001,True
2026-07-03,naver_datalab_keyword,패션잡화,,우산,23.61516,1.0465119680008366,kw_b03,,,50000001,False
2026-07-03,naver_datalab_keyword,패션잡화,,레인부츠,54.05247,2.3953492906677822,kw_b03,,,50000001,False
2026-07-04,naver_datalab_keyword,패션잡화,,양말,20.46647,1.0,kw_b03,,,50000001,True
2026-07-04,naver_datalab_keyword,패션잡화,,우산,19.59183,0.9572647359315016,kw_b03,,,50000001,False
2026-07-04,naver_datalab_keyword,패션잡화,,레인부츠,49.6793,2.427350686268809,kw_b03,,,50000001,False
2026-07-05,naver_datalab_keyword,패션잡화,,양말,29.85422,1.0,kw_b03,,,50000001,True
2026-07-05,naver_datalab_keyword,패션잡화,,우산,42.33236,1.417969050941542,kw_b03,,,50000001,False
2026-07-05,naver_datalab_keyword,패션잡화,,레인부츠,55.56851,1.861328482204526,kw_b03,,,50000001,False
2026-07-06,naver_datalab_keyword,패션잡화,,양말,24.83965,1.0,kw_b03,,,50000001,True
2026-07-06,naver_datalab_keyword,패션잡화,,우산,48.86297,1.9671360103705164,kw_b03,,,50000001,False
2026-07-06,naver_datalab_keyword,패션잡화,,레인부츠,65.24781,2.626760441471599,kw_b03,,,50000001,False
2026-07-07,naver_datalab_keyword,패션잡화,,양말,26.58892,1.0,kw_b03,,,50000001,True
2026-07-07,naver_datalab_keyword,패션잡화,,우산,47.58017,1.7894735852377606,kw_b03,,,50000001,False
2026-07-07,naver_datalab_keyword,패션잡화,,레인부츠,57.90087,2.177631509666432,kw_b03,,,50000001,False
2026-07-08,naver_datalab_keyword,패션잡화,,양말,27.1137,1.0,kw_b03,,,50000001,True
2026-07-08,naver_datalab_keyword,패션잡화,,우산,71.25364,2.6279570844259545,kw_b03,,,50000001,False
2026-07-08,naver_datalab_keyword,패션잡화,,레인부츠,97.72594,3.6043011466527988,kw_b03,,,50000001,False
2026-07-09,naver_datalab_keyword,패션잡화,,양말,24.83965,1.0,kw_b03,,,50000001,True
2026-07-09,naver_datalab_keyword,패션잡화,,우산,58.89212,2.370891699359693,kw_b03,,,50000001,False
2026-07-09,naver_datalab_keyword,패션잡화,,레인부츠,100.0,4.025821619869846,kw_b03,,,50000001,False
2026-07-10,naver_datalab_keyword,패션잡화,,양말,21.04956,1.0,kw_b03,,,50000001,True
2026-07-10,naver_datalab_keyword,패션잡화,,우산,30.26239,1.4376732815317754,kw_b03,,,50000001,False
2026-07-10,naver_datalab_keyword,패션잡화,,레인부츠,44.25655,2.1024928787110038,kw_b03,,,50000001,False
2026-07-11,naver_datalab_keyword,패션잡화,,양말,20.0583,1.0,kw_b03,,,50000001,True
2026-07-11,naver_datalab_keyword,패션잡화,,우산,16.1516,0.8052327465438247,kw_b03,,,50000001,False
2026-07-11,naver_datalab_keyword,패션잡화,,레인부츠,26.93877,1.3430235862460929,kw_b03,,,50000001,False
2026-07-12,naver_datalab_keyword,패션잡화,,양말,22.15743,1.0,kw_b03,,,50000001,True
2026-07-12,naver_datalab_keyword,패션잡화,,우산,15.21865,0.6868418404119973,kw_b03,,,50000001,False
2026-07-12,naver_datalab_keyword,패션잡화,,레인부츠,29.0379,1.3105265366967198,kw_b03,,,50000001,False
2026-07-13,naver_datalab_keyword,패션잡화,,양말,26.06413,1.0,kw_b03,,,50000001,True
2026-07-13,naver_datalab_keyword,패션잡화,,우산,14.28571,0.5480984786371155,kw_b03,,,50000001,False
2026-07-13,naver_datalab_keyword,패션잡화,,레인부츠,18.0758,0.6935125016641646,kw_b03,,,50000001,False
2026-07-14,naver_datalab_keyword,패션잡화,,양말,21.69096,1.0,kw_b03,,,50000001,True
2026-07-14,naver_datalab_keyword,패션잡화,,우산,30.67055,1.4139784500086672,kw_b03,,,50000001,False
2026-07-14,naver_datalab_keyword,패션잡화,,레인부츠,27.1137,1.25,kw_b03,,,50000001,False
2026-07-15,naver_datalab_keyword,패션잡화,,양말,19.12536,1.0,kw_b03,,,50000001,True
2026-07-15,naver_datalab_keyword,패션잡화,,우산,29.32944,1.5335366236243397,kw_b03,,,50000001,False
2026-07-15,naver_datalab_keyword,패션잡화,,레인부츠,28.92128,1.512195325996478,kw_b03,,,50000001,False
2026-07-16,naver_datalab_keyword,패션잡화,,양말,15.80174,1.0,kw_b03,,,50000001,True
2026-07-16,naver_datalab_keyword,패션잡화,,우산,15.97667,1.011070299853054,kw_b03,,,50000001,False
2026-07-16,naver_datalab_keyword,패션잡화,,레인부츠,15.62682,0.9889303329886455,kw_b03,,,50000001,False
2026-07-17,naver_datalab_keyword,패션잡화,,양말,15.80174,1.0,kw_b03,,,50000001,True
2026-07-17,naver_datalab_keyword,패션잡화,,우산,13.76093,0.870849033081167,kw_b03,,,50000001,False
2026-07-17,naver_datalab_keyword,패션잡화,,레인부츠,27.46355,1.738007966211316,kw_b03,,,50000001,False
2026-07-18,naver_datalab_keyword,패션잡화,,양말,16.85131,1.0,kw_b03,,,50000001,True
2026-07-18,naver_datalab_keyword,패션잡화,,우산,22.09912,1.3114185187976481,kw_b03,,,50000001,False
2026-07-18,naver_datalab_keyword,패션잡화,,레인부츠,41.86588,2.484428807018564,kw_b03,,,50000001,False
2026-07-19,naver_datalab_keyword,패션잡화,,양말,21.86588,1.0,kw_b03,,,50000001,True
2026-07-19,naver_datalab_keyword,패션잡화,,우산,16.50145,0.7546666312995406,kw_b03,,,50000001,False
2026-07-19,naver_datalab_keyword,패션잡화,,레인부츠,28.45481,1.3013338589619992,kw_b03,,,50000001,False
2026-07-20,naver_datalab_keyword,패션잡화,,양말,18.77551,1.0,kw_b03,,,50000001,True
2026-07-20,naver_datalab_keyword,패션잡화,,우산,40.34985,2.149068121185523,kw_b03,,,50000001,False
2026-07-20,naver_datalab_keyword,패션잡화,,레인부츠,49.38775,2.6304345394612447,kw_b03,,,50000001,False
2026-07-21,naver_datalab_keyword,패션잡화,,양말,24.43148,1.0,kw_b03,,,50000001,True
2026-07-21,naver_datalab_keyword,패션잡화,,우산,56.26822,2.3031032094658204,kw_b03,,,50000001,False
2026-07-21,naver_datalab_keyword,패션잡화,,레인부츠,53.81924,2.2028645010453727,kw_b03,,,50000001,False
2026-07-21,naver_datalab_keyword,패션잡화,,레인코트,0.0583,0.0023862655884948434,kw_b03,,,50000001,False
2026-07-22,naver_datalab_keyword,패션잡화,,양말,17.02623,1.0,kw_b03,,,50000001,True
2026-07-22,naver_datalab_keyword,패션잡화,,우산,37.20116,2.1849323073868963,kw_b03,,,50000001,False
2026-07-22,naver_datalab_keyword,패션잡화,,레인부츠,33.70262,1.9794528794689135,kw_b03,,,50000001,False
2026-07-23,naver_datalab_keyword,패션잡화,,양말,21.80758,1.0,kw_b03,,,50000001,True
2026-07-23,naver_datalab_keyword,패션잡화,,우산,29.62099,1.358288723462209,kw_b03,,,50000001,False
2026-07-23,naver_datalab_keyword,패션잡화,,레인부츠,25.53935,1.1711226096614111,kw_b03,,,50000001,False
2026-07-24,naver_datalab_keyword,패션잡화,,양말,17.20116,1.0,kw_b03,,,50000001,True
2026-07-24,naver_datalab_keyword,패션잡화,,우산,14.75218,0.8576270437575139,kw_b03,,,50000001,False
2026-07-24,naver_datalab_keyword,패션잡화,,레인부츠,13.46938,0.7830506779775316,kw_b03,,,50000001,False
2026-07-25,naver_datalab_keyword,패션잡화,,양말,15.45189,1.0,kw_b03,,,50000001,True
2026-07-25,naver_datalab_keyword,패션잡화,,우산,11.83673,0.766037682121734,kw_b03,,,50000001,False
2026-07-25,naver_datalab_keyword,패션잡화,,레인부츠,7.23032,0.46792463575653204,kw_b03,,,50000001,False
2026-07-26,naver_datalab_keyword,패션잡화,,양말,18.42565,1.0,kw_b03,,,50000001,True
2026-07-26,naver_datalab_keyword,패션잡화,,우산,12.53644,0.6803797966421808,kw_b03,,,50000001,False
2026-07-26,naver_datalab_keyword,패션잡화,,레인부츠,7.52186,0.4082276608966305,kw_b03,,,50000001,False
2026-07-27,naver_datalab_keyword,패션잡화,,양말,22.79883,1.0,kw_b03,,,50000001,True
2026-07-27,naver_datalab_keyword,패션잡화,,우산,8.92128,0.3913042906149131,kw_b03,,,50000001,False
2026-07-27,naver_datalab_keyword,패션잡화,,레인부츠,3.96501,0.17391287184473941,kw_b03,,,50000001,False
2026-07-28,naver_datalab_keyword,패션잡화,,양말,18.65889,1.0,kw_b03,,,50000001,True
2026-07-28,naver_datalab_keyword,패션잡화,,우산,11.0204,0.5906246298681219,kw_b03,,,50000001,False
2026-07-28,naver_datalab_keyword,패션잡화,,레인부츠,3.73177,0.1999995712499511,kw_b03,,,50000001,False
2026-07-29,naver_datalab_keyword,패션잡화,,양말,20.40816,1.0,kw_b03,,,50000001,True
2026-07-29,naver_datalab_keyword,패션잡화,,우산,6.35568,0.3114283698285392,kw_b03,,,50000001,False
2026-07-29,naver_datalab_keyword,패션잡화,,레인부츠,3.61516,0.17714286834285894,kw_b03,,,50000001,False
2026-07-30,naver_datalab_keyword,패션잡화,,양말,16.1516,1.0,kw_b03,,,50000001,True
2026-07-30,naver_datalab_keyword,패션잡화,,우산,7.98833,0.4945844374551129,kw_b03,,,50000001,False
2026-07-30,naver_datalab_keyword,패션잡화,,레인부츠,3.38192,0.2093860670150326,kw_b03,,,50000001,False
2026-07-31,naver_datalab_keyword,패션잡화,,양말,15.45189,1.0,kw_b03,,,50000001,True
2026-07-31,naver_datalab_keyword,패션잡화,,우산,6.88046,0.44528274534700935,kw_b03,,,50000001,False
2026-07-31,naver_datalab_keyword,패션잡화,,레인부츠,1.86588,0.12075416017069757,kw_b03,,,50000001,False
